{"parsing": 1.3165260709999984, "frontend": 0.132670775, "backend": null, "simcode": null, "templates": null, "build": null, "sim": null, "diff": null, "phase": 0, "exectime": 2.1661155320000205}