{"parsing": 1.3019473009999842, "frontend": 0.130605757, "backend": null, "simcode": null, "templates": null, "build": null, "sim": null, "diff": null, "phase": 0, "exectime": 2.1142145000000028}