{"parsing": 1.2961106409999843, "frontend": 0.360656932, "backend": null, "simcode": null, "templates": null, "build": null, "sim": null, "diff": null, "phase": 0, "exectime": 2.332278806000005}