{"parsing": 1.3530781999999988, "frontend": 0.137032715, "backend": null, "simcode": null, "templates": null, "build": null, "sim": null, "diff": null, "phase": 0, "exectime": 2.228581861000009}