{"parsing": 1.3769883649999883, "frontend": 0.367404691, "backend": null, "simcode": null, "templates": null, "build": null, "sim": null, "diff": null, "phase": 0, "exectime": 2.4911187580000274}