{"parsing": 1.3391747119999877, "frontend": 0.147125907, "backend": null, "simcode": null, "templates": null, "build": null, "sim": null, "diff": null, "phase": 0, "exectime": 2.225642258000022}