{"parsing": 1.3792531960000076, "frontend": 0.129265794, "backend": null, "simcode": null, "templates": null, "build": null, "sim": null, "diff": null, "phase": 0, "exectime": 2.2625369600000056}