{"parsing": 1.3657145749999984, "frontend": 0.114813932, "backend": null, "simcode": null, "templates": null, "build": null, "sim": null, "diff": null, "phase": 0, "exectime": 2.1865697069999896}