{"parsing": 1.3433304620000115, "frontend": 0.125750428, "backend": null, "simcode": null, "templates": null, "build": null, "sim": null, "diff": null, "phase": 0, "exectime": 2.183752900999991}