{"parsing": 1.320168867999996, "frontend": 0.4138398289999999, "backend": null, "simcode": null, "templates": null, "build": null, "sim": null, "diff": null, "phase": 0, "exectime": 2.4150017439999942}