{"parsing": 1.5389530189999903, "frontend": 0.399039473, "backend": null, "simcode": null, "templates": null, "build": null, "sim": null, "diff": null, "phase": 0, "exectime": 2.5381705769999883}