{"parsing": 1.5679317990000072, "frontend": 0.07663755600000001, "backend": null, "simcode": null, "templates": null, "build": null, "sim": null, "diff": null, "phase": 0, "exectime": 2.2340904019999925}