{"parsing": 1.5862233499999547, "frontend": 0.253481136, "backend": null, "simcode": null, "templates": null, "build": null, "sim": null, "diff": null, "phase": 0, "exectime": 2.441507121999962}