{"parsing": 1.561496195999979, "frontend": 0.406660263, "backend": null, "simcode": null, "templates": null, "build": null, "sim": null, "diff": null, "phase": 0, "exectime": 2.5544961059999878}