{"parsing": 1.5577841520000106, "frontend": 0.199652264, "backend": null, "simcode": null, "templates": null, "build": null, "sim": null, "diff": null, "phase": 0, "exectime": 2.4062727080000172}