{"parsing": 1.540503703000013, "frontend": 0.406253084, "backend": null, "simcode": null, "templates": null, "build": null, "sim": null, "diff": null, "phase": 0, "exectime": 2.5377180939999846}