{"parsing": 1.5420416219999993, "frontend": 0.199109722, "backend": null, "simcode": null, "templates": null, "build": null, "sim": null, "diff": null, "phase": 0, "exectime": 2.320714948000017}