{"parsing": 1.5469132009999953, "frontend": 0.283209948, "backend": null, "simcode": null, "templates": null, "build": null, "sim": null, "diff": null, "phase": 0, "exectime": 2.4348431889999915}