{"parsing": 1.554491444000007, "frontend": 0.198154358, "backend": null, "simcode": null, "templates": null, "build": null, "sim": null, "diff": null, "phase": 0, "exectime": 2.3498256519999927}