{"parsing": 1.5289484829999935, "frontend": 0.080140631, "backend": null, "simcode": null, "templates": null, "build": null, "sim": null, "diff": null, "phase": 0, "exectime": 2.241544054000002}