{"parsing": 1.5599725600000056, "frontend": 0.397879876, "backend": null, "simcode": null, "templates": null, "build": null, "sim": null, "diff": null, "phase": 0, "exectime": 2.568087852999952}