{"parsing": 1.5763222529999439, "frontend": 0.263434836, "backend": null, "simcode": null, "templates": null, "build": null, "sim": null, "diff": null, "phase": 0, "exectime": 2.436818243999994}