{"parsing": 1.5370815200000152, "frontend": 0.397725287, "backend": null, "simcode": null, "templates": null, "build": null, "sim": null, "diff": null, "phase": 0, "exectime": 2.5417625060000546}