{"parsing": 1.5527335230000006, "frontend": 0.4130129579999999, "backend": null, "simcode": null, "templates": null, "build": null, "sim": null, "diff": null, "phase": 0, "exectime": 2.595941591000013}