{"parsing": 1.5322649639999781, "frontend": 0.404415673, "backend": null, "simcode": null, "templates": null, "build": null, "sim": null, "diff": null, "phase": 0, "exectime": 2.5186320949999867}