{"parsing": 1.569511655000042, "frontend": 0.259402059, "backend": null, "simcode": null, "templates": null, "build": null, "sim": null, "diff": null, "phase": 0, "exectime": 2.4298200349999775}