{"parsing": 1.5399471629999937, "frontend": 0.4181507860000001, "backend": null, "simcode": null, "templates": null, "build": null, "sim": null, "diff": null, "phase": 0, "exectime": 2.5093164060000106}