{"parsing": 1.5733662989999857, "frontend": 0.424661757, "backend": null, "simcode": null, "templates": null, "build": null, "sim": null, "diff": null, "phase": 0, "exectime": 2.551164914000026}