{"parsing": 1.5636656190000053, "frontend": 0.286861531, "backend": null, "simcode": null, "templates": null, "build": null, "sim": null, "diff": null, "phase": 0, "exectime": 2.447526673000027}