{"parsing": 1.5585574960000201, "frontend": 0.773513094, "backend": null, "simcode": null, "templates": null, "build": null, "sim": null, "diff": null, "phase": 0, "exectime": 2.9224404930000105}