{"parsing": 1.5651236080000217, "frontend": 0.230507806, "backend": null, "simcode": null, "templates": null, "build": null, "sim": null, "diff": null, "phase": 0, "exectime": 2.381945465000001}