{"parsing": 1.5314873110000065, "frontend": 0.403552529, "backend": null, "simcode": null, "templates": null, "build": null, "sim": null, "diff": null, "phase": 0, "exectime": 2.5362443870000106}