{"parsing": 1.5834154770000168, "frontend": 0.239637083, "backend": null, "simcode": null, "templates": null, "build": null, "sim": null, "diff": null, "phase": 0, "exectime": 2.4821969399999944}