{"parsing": 1.5891052050000098, "frontend": 0.255214927, "backend": null, "simcode": null, "templates": null, "build": null, "sim": null, "diff": null, "phase": 0, "exectime": 2.436443441999984}