{"parsing": 1.6015996989999621, "frontend": 0.260736808, "backend": null, "simcode": null, "templates": null, "build": null, "sim": null, "diff": null, "phase": 0, "exectime": 2.467321615000003}