{"parsing": 1.5618889180000224, "frontend": 0.261695188, "backend": null, "simcode": null, "templates": null, "build": null, "sim": null, "diff": null, "phase": 0, "exectime": 2.419720601999984}