{"parsing": 1.6121274030000166, "frontend": 0.398898529, "backend": null, "simcode": null, "templates": null, "build": null, "sim": null, "diff": null, "phase": 0, "exectime": 2.6032455440000035}