{"parsing": 1.5429918490000318, "frontend": 0.388985713, "backend": null, "simcode": null, "templates": null, "build": null, "sim": null, "diff": null, "phase": 0, "exectime": 2.524797966000051}