{"parsing": 1.5532349220000015, "frontend": 0.395162779, "backend": null, "simcode": null, "templates": null, "build": null, "sim": null, "diff": null, "phase": 0, "exectime": 2.549091080999915}