{"parsing": 1.5448560499999928, "frontend": 0.077919206, "backend": null, "simcode": null, "templates": null, "build": null, "sim": null, "diff": null, "phase": 0, "exectime": 2.214503731999997}