{"parsing": 1.5856893520000312, "frontend": 0.390760691, "backend": null, "simcode": null, "templates": null, "build": null, "sim": null, "diff": null, "phase": 0, "exectime": 2.591074979000041}