{"parsing": 1.5725816039999927, "frontend": 0.243829988, "backend": null, "simcode": null, "templates": null, "build": null, "sim": null, "diff": null, "phase": 0, "exectime": 2.4370676479999815}