{"parsing": 1.5791040969999983, "frontend": 0.235391135, "backend": null, "simcode": null, "templates": null, "build": null, "sim": null, "diff": null, "phase": 0, "exectime": 2.4046014919999834}