{"parsing": 1.6457791450000059, "frontend": 0.210502449, "backend": null, "simcode": null, "templates": null, "build": null, "sim": null, "diff": null, "phase": 0, "exectime": 2.443146013000046}