{"parsing": 1.5726952910000023, "frontend": 0.264190955, "backend": null, "simcode": null, "templates": null, "build": null, "sim": null, "diff": null, "phase": 0, "exectime": 2.463078394999968}