{"parsing": 1.5381331680000017, "frontend": 0.3961028689999999, "backend": null, "simcode": null, "templates": null, "build": null, "sim": null, "diff": null, "phase": 0, "exectime": 2.4848928950000015}