{"parsing": 1.5632264739999755, "frontend": 0.207877769, "backend": null, "simcode": null, "templates": null, "build": null, "sim": null, "diff": null, "phase": 0, "exectime": 2.360195062999992}