{"parsing": 1.5696271009999805, "frontend": 0.257891344, "backend": null, "simcode": null, "templates": null, "build": null, "sim": null, "diff": null, "phase": 0, "exectime": 2.4342418260000045}