{"parsing": 1.5732566849999898, "frontend": 0.209235288, "backend": null, "simcode": null, "templates": null, "build": null, "sim": null, "diff": null, "phase": 0, "exectime": 2.4019903500000055}