{"parsing": 1.8507523469999683, "frontend": 0.2889231419999999, "backend": null, "simcode": null, "templates": null, "build": null, "sim": null, "diff": null, "phase": 0, "exectime": 2.7519532830000344}