{"parsing": 1.5723265620000006, "frontend": 0.272566477, "backend": null, "simcode": null, "templates": null, "build": null, "sim": null, "diff": null, "phase": 0, "exectime": 2.416861457999971}