{"parsing": 1.571638546000031, "frontend": 0.255942363, "backend": null, "simcode": null, "templates": null, "build": null, "sim": null, "diff": null, "phase": 0, "exectime": 2.4218860519999907}