{"parsing": 1.6301500319999889, "frontend": 0.401399005, "backend": null, "simcode": null, "templates": null, "build": null, "sim": null, "diff": null, "phase": 0, "exectime": 2.6472507470000153}