{"parsing": 1.5873459689999834, "frontend": 0.278967816, "backend": null, "simcode": null, "templates": null, "build": null, "sim": null, "diff": null, "phase": 0, "exectime": 2.4671764999999937}