{"parsing": 1.569204990000003, "frontend": 0.421290806, "backend": null, "simcode": null, "templates": null, "build": null, "sim": null, "diff": null, "phase": 0, "exectime": 2.6110771649999833}