{"parsing": 1.5482427560000076, "frontend": 0.07763196500000001, "backend": null, "simcode": null, "templates": null, "build": null, "sim": null, "diff": null, "phase": 0, "exectime": 2.236340734999999}