{"parsing": 1.5423737879999635, "frontend": 0.400545803, "backend": null, "simcode": null, "templates": null, "build": null, "sim": null, "diff": null, "phase": 0, "exectime": 2.5455866799999285}