{"parsing": 1.602132996999984, "frontend": 0.409214515, "backend": null, "simcode": null, "templates": null, "build": null, "sim": null, "diff": null, "phase": 0, "exectime": 2.6481429849999927}