{"parsing": 1.5811051410000232, "frontend": 0.401303073, "backend": null, "simcode": null, "templates": null, "build": null, "sim": null, "diff": null, "phase": 0, "exectime": 2.5738021680000145}