{"parsing": 1.5109450719999984, "frontend": 0.39424805, "backend": null, "simcode": null, "templates": null, "build": null, "sim": null, "diff": null, "phase": 0, "exectime": 2.4869220390000066}