{"parsing": 1.5398651680000057, "frontend": 0.425441051, "backend": null, "simcode": null, "templates": null, "build": null, "sim": null, "diff": null, "phase": 0, "exectime": 2.562984235000016}