{"parsing": 1.5942980320000402, "frontend": 0.301660013, "backend": null, "simcode": null, "templates": null, "build": null, "sim": null, "diff": null, "phase": 0, "exectime": 2.488533419000021}