{"parsing": 1.5677610729999856, "frontend": 0.395968648, "backend": null, "simcode": null, "templates": null, "build": null, "sim": null, "diff": null, "phase": 0, "exectime": 2.601189449000003}