{"parsing": 1.5731737689999932, "frontend": 0.254099642, "backend": null, "simcode": null, "templates": null, "build": null, "sim": null, "diff": null, "phase": 0, "exectime": 2.426645430999997}