{"parsing": 1.5545494870000027, "frontend": 0.775864121, "backend": null, "simcode": null, "templates": null, "build": null, "sim": null, "diff": null, "phase": 0, "exectime": 2.9465402090000055}