{"parsing": 1.5760320439999873, "frontend": 0.110098746, "backend": null, "simcode": null, "templates": null, "build": null, "sim": null, "diff": null, "phase": 0, "exectime": 2.2772258649999912}