{"parsing": 1.596521810000013, "frontend": 0.4168923339999999, "backend": null, "simcode": null, "templates": null, "build": null, "sim": null, "diff": null, "phase": 0, "exectime": 2.6349466929999608}