{"parsing": 1.5291812909999862, "frontend": 0.197782519, "backend": null, "simcode": null, "templates": null, "build": null, "sim": null, "diff": null, "phase": 0, "exectime": 2.3323290869999482}