{"parsing": 1.5271266809999133, "frontend": 0.3903826939999999, "backend": null, "simcode": null, "templates": null, "build": null, "sim": null, "diff": null, "phase": 0, "exectime": 2.515016193000065}