{"parsing": 1.527977862000057, "frontend": 0.386653143, "backend": null, "simcode": null, "templates": null, "build": null, "sim": null, "diff": null, "phase": 0, "exectime": 2.5116898210000045}