{"parsing": 1.5428560889999972, "frontend": 0.3975890169999999, "backend": null, "simcode": null, "templates": null, "build": null, "sim": null, "diff": null, "phase": 0, "exectime": 2.5387884600000064}