{"parsing": 1.5697075369999993, "frontend": 0.2137351249999999, "backend": null, "simcode": null, "templates": null, "build": null, "sim": null, "diff": null, "phase": 0, "exectime": 2.342189927999982}