{"parsing": 1.5796173920000456, "frontend": 0.260552442, "backend": null, "simcode": null, "templates": null, "build": null, "sim": null, "diff": null, "phase": 0, "exectime": 2.434491711000021}