{"parsing": 1.553111623999996, "frontend": 0.267026351, "backend": null, "simcode": null, "templates": null, "build": null, "sim": null, "diff": null, "phase": 0, "exectime": 2.4056359910000538}