{"parsing": 1.5722056540000153, "frontend": 0.41965974100000003, "backend": 0.009287685000000004, "simcode": 0.004362338, "templates": 0.023608327, "build": 2.070614354999975, "sim": 0.021187769000050594, "diff": null, "phase": 6, "exectime": 4.73708136800002}