{"parsing": 1.6111179929999935, "frontend": 2.492606126, "backend": null, "simcode": null, "templates": null, "build": null, "sim": null, "diff": null, "phase": 0, "exectime": 4.711656521000009}