{"parsing": 1.5741834850000487, "frontend": 0.212025075, "backend": null, "simcode": null, "templates": null, "build": null, "sim": null, "diff": null, "phase": 0, "exectime": 2.3705141919999733}