{"parsing": 1.5614146340000161, "frontend": 0.083137733, "backend": null, "simcode": null, "templates": null, "build": null, "sim": null, "diff": null, "phase": 0, "exectime": 2.2954198780000183}