{"parsing": 1.5758332620000601, "frontend": 0.40266523, "backend": null, "simcode": null, "templates": null, "build": null, "sim": null, "diff": null, "phase": 0, "exectime": 2.5965828260000308}