{"parsing": 1.5694677759999536, "frontend": 0.2608438439999999, "backend": null, "simcode": null, "templates": null, "build": null, "sim": null, "diff": null, "phase": 0, "exectime": 2.427237606999995}