{"parsing": 1.5653378090000274, "frontend": 0.2136872759999999, "backend": null, "simcode": null, "templates": null, "build": null, "sim": null, "diff": null, "phase": 0, "exectime": 2.3617236009999942}