{"parsing": 1.5908477060000052, "frontend": 0.403405163, "backend": null, "simcode": null, "templates": null, "build": null, "sim": null, "diff": null, "phase": 0, "exectime": 2.6048103900000115}