{"parsing": 1.5354658769999787, "frontend": 0.402922298, "backend": null, "simcode": null, "templates": null, "build": null, "sim": null, "diff": null, "phase": 0, "exectime": 2.523477645000014}