{"parsing": 1.5178333049999537, "frontend": 0.807104708, "backend": null, "simcode": null, "templates": null, "build": null, "sim": null, "diff": null, "phase": 0, "exectime": 2.9038017689999833}