{"parsing": 1.5641143299999953, "frontend": 0.406574891, "backend": null, "simcode": null, "templates": null, "build": null, "sim": null, "diff": null, "phase": 0, "exectime": 2.5484668149999834}