{"parsing": 1.5651183660000356, "frontend": 0.214018771, "backend": null, "simcode": null, "templates": null, "build": null, "sim": null, "diff": null, "phase": 0, "exectime": 2.3815258700000186}