{"parsing": 1.5739864669999974, "frontend": 0.280352019, "backend": null, "simcode": null, "templates": null, "build": null, "sim": null, "diff": null, "phase": 0, "exectime": 2.474884301999964}