{"parsing": 1.5708840260000443, "frontend": 0.06780949300000003, "backend": 0.170465272, "simcode": 0.0045043719999999995, "templates": 0.023891385, "build": 2.018124348000015, "sim": 0.021981589000006352, "diff": null, "phase": 6, "exectime": 4.452026443999955}