{"parsing": 1.5628563269999916, "frontend": 0.286071975, "backend": null, "simcode": null, "templates": null, "build": null, "sim": null, "diff": null, "phase": 0, "exectime": 2.451123148999983}