{"parsing": 1.5864470079999933, "frontend": 0.405898502, "backend": null, "simcode": null, "templates": null, "build": null, "sim": null, "diff": null, "phase": 0, "exectime": 2.6394170340000187}