{"parsing": 1.652237289000027, "frontend": 0.210667486, "backend": null, "simcode": null, "templates": null, "build": null, "sim": null, "diff": null, "phase": 0, "exectime": 2.4358843269999966}