{"parsing": 1.5620788200000106, "frontend": 0.255779409, "backend": null, "simcode": null, "templates": null, "build": null, "sim": null, "diff": null, "phase": 0, "exectime": 2.4430516520000083}