{"parsing": 1.5589196599999866, "frontend": 0.203166751, "backend": null, "simcode": null, "templates": null, "build": null, "sim": null, "diff": null, "phase": 0, "exectime": 2.3504772550000155}