{"parsing": 1.5583068910000009, "frontend": 0.199520418, "backend": null, "simcode": null, "templates": null, "build": null, "sim": null, "diff": null, "phase": 0, "exectime": 2.3677149199999974}