{"parsing": 1.5365166520000173, "frontend": 0.401772503, "backend": null, "simcode": null, "templates": null, "build": null, "sim": null, "diff": null, "phase": 0, "exectime": 2.528527887000024}