{"parsing": 1.5268698119999726, "frontend": 0.304136799, "backend": null, "simcode": null, "templates": null, "build": null, "sim": null, "diff": null, "phase": 0, "exectime": 2.4360541859999785}