{"parsing": 1.5605603909999672, "frontend": 0.210923129, "backend": null, "simcode": null, "templates": null, "build": null, "sim": null, "diff": null, "phase": 0, "exectime": 2.3504658349999943}