{"parsing": 1.5586407149999673, "frontend": 0.2542162899999999, "backend": null, "simcode": null, "templates": null, "build": null, "sim": null, "diff": null, "phase": 0, "exectime": 2.4024979480000184}