{"parsing": 1.5835902850000139, "frontend": 0.413255409, "backend": null, "simcode": null, "templates": null, "build": null, "sim": null, "diff": null, "phase": 0, "exectime": 2.593082909999964}