{"parsing": 1.5290963090000105, "frontend": 0.19579776, "backend": null, "simcode": null, "templates": null, "build": null, "sim": null, "diff": null, "phase": 0, "exectime": 2.3487369619999754}