{"parsing": 1.5233256830000528, "frontend": 0.393242418, "backend": null, "simcode": null, "templates": null, "build": null, "sim": null, "diff": null, "phase": 0, "exectime": 2.505349592000016}