{"parsing": 1.531596444999991, "frontend": 0.403304405, "backend": null, "simcode": null, "templates": null, "build": null, "sim": null, "diff": null, "phase": 0, "exectime": 2.5324608669999975}