{"parsing": 1.5764232739999215, "frontend": 0.2795227139999999, "backend": null, "simcode": null, "templates": null, "build": null, "sim": null, "diff": null, "phase": 0, "exectime": 2.4730334399999947}