{"parsing": 1.558908047999978, "frontend": 0.2092674339999999, "backend": null, "simcode": null, "templates": null, "build": null, "sim": null, "diff": null, "phase": 0, "exectime": 2.3570508070000074}