{"parsing": 1.556607277000012, "frontend": 0.2116242349999999, "backend": null, "simcode": null, "templates": null, "build": null, "sim": null, "diff": null, "phase": 0, "exectime": 2.3593579879999993}