{"parsing": 1.5325666159999969, "frontend": 0.202704639, "backend": null, "simcode": null, "templates": null, "build": null, "sim": null, "diff": null, "phase": 0, "exectime": 2.341042079999994}