{"parsing": 1.5701555429999985, "frontend": 0.41732277, "backend": null, "simcode": null, "templates": null, "build": null, "sim": null, "diff": null, "phase": 0, "exectime": 2.5773317889999703}