{"parsing": 1.566346765999981, "frontend": 0.2673800399999999, "backend": null, "simcode": null, "templates": null, "build": null, "sim": null, "diff": null, "phase": 0, "exectime": 2.4328749800000082}