{"parsing": 1.5887863140000036, "frontend": 0.104898583, "backend": null, "simcode": null, "templates": null, "build": null, "sim": null, "diff": null, "phase": 0, "exectime": 2.285159757999992}