{"parsing": 1.525449119000001, "frontend": 0.463046698, "backend": null, "simcode": null, "templates": null, "build": null, "sim": null, "diff": null, "phase": 0, "exectime": 2.5960251770000013}