{"parsing": 1.5448326119999365, "frontend": 0.1969536709999999, "backend": null, "simcode": null, "templates": null, "build": null, "sim": null, "diff": null, "phase": 0, "exectime": 2.320709641999997}