{"parsing": 1.5628131899999858, "frontend": 0.255319562, "backend": null, "simcode": null, "templates": null, "build": null, "sim": null, "diff": null, "phase": 0, "exectime": 2.422270067999989}