{"parsing": 1.505284778000032, "frontend": 0.389058697, "backend": null, "simcode": null, "templates": null, "build": null, "sim": null, "diff": null, "phase": 0, "exectime": 2.4538387530000136}