{"parsing": 1.5359545210000078, "frontend": 0.13296113, "backend": null, "simcode": null, "templates": null, "build": null, "sim": null, "diff": null, "phase": 0, "exectime": 2.2838021169999934}