{"parsing": 1.5928287790000013, "frontend": 0.404198784, "backend": null, "simcode": null, "templates": null, "build": null, "sim": null, "diff": null, "phase": 0, "exectime": 2.5975261699999805}