{"parsing": 1.6336380040000336, "frontend": 0.260420907, "backend": null, "simcode": null, "templates": null, "build": null, "sim": null, "diff": null, "phase": 0, "exectime": 2.5085044479999965}