{"parsing": 1.541892768999901, "frontend": 0.078803732, "backend": null, "simcode": null, "templates": null, "build": null, "sim": null, "diff": null, "phase": 0, "exectime": 2.2347006799999463}