{"parsing": 1.6104382789999363, "frontend": 0.394470636, "backend": null, "simcode": null, "templates": null, "build": null, "sim": null, "diff": null, "phase": 0, "exectime": 2.6087193609999986}