{"parsing": 1.5648632280000356, "frontend": 0.248055498, "backend": null, "simcode": null, "templates": null, "build": null, "sim": null, "diff": null, "phase": 0, "exectime": 2.394085333000021}