{"parsing": 1.5387606829999925, "frontend": 0.394687632, "backend": null, "simcode": null, "templates": null, "build": null, "sim": null, "diff": null, "phase": 0, "exectime": 2.533083535000003}