{"parsing": 1.553071181000064, "frontend": 0.395099079, "backend": null, "simcode": null, "templates": null, "build": null, "sim": null, "diff": null, "phase": 0, "exectime": 2.5458882960000437}