{"parsing": 1.5935298930000101, "frontend": 0.08167683699999995, "backend": null, "simcode": null, "templates": null, "build": null, "sim": null, "diff": null, "phase": 0, "exectime": 2.3164207590000103}