{"parsing": 1.5707861010000101, "frontend": 0.21223523, "backend": null, "simcode": null, "templates": null, "build": null, "sim": null, "diff": null, "phase": 0, "exectime": 2.3707265360000065}