{"parsing": 1.5441926450000665, "frontend": 0.400571347, "backend": null, "simcode": null, "templates": null, "build": null, "sim": null, "diff": null, "phase": 0, "exectime": 2.567198506000068}