{"parsing": 1.3551884269999732, "frontend": 0.111552578, "backend": null, "simcode": null, "templates": null, "build": null, "sim": null, "diff": null, "phase": 0, "exectime": 2.194697285000018}