{"parsing": 1.3303921239999568, "frontend": 0.390093727, "backend": null, "simcode": null, "templates": null, "build": null, "sim": null, "diff": null, "phase": 0, "exectime": 2.428293408000002}