{"parsing": 1.3637553340000181, "frontend": 0.122903764, "backend": null, "simcode": null, "templates": null, "build": null, "sim": null, "diff": null, "phase": 0, "exectime": 2.1946415139999544}