{"parsing": 1.2854666290000125, "frontend": 0.106377041, "backend": null, "simcode": null, "templates": null, "build": null, "sim": null, "diff": null, "phase": 0, "exectime": 2.0733226360000003}