{"parsing": 1.3061531440000067, "frontend": 0.123341552, "backend": null, "simcode": null, "templates": null, "build": null, "sim": null, "diff": null, "phase": 0, "exectime": 2.116379364000011}